{"cameraMode":{"drawMode":0,"name":"Shaded","section":"Shading Mode"},"sceneLighting":true,"audioPlay":false,"sceneViewState":{"m_AlwaysRefresh":false,"showFog":true,"showSkybox":true,"showFlares":true,"showImageEffects":true,"showParticleSystems":true,"showVisualEffectGraphs":true,"m_FxEnabled":true},"in2DMode":false,"pivot":{"x":472.3050231933594,"y":230.8958282470703,"z":-167.19784545898438},"rotation":{"x":0.05307960882782936,"y":-0.021293040364980699,"z":0.0010876012966036797,"w":0.9984508752822876},"size":34.73485565185547,"orthographic":false}