{"cameraMode":{"drawMode":0,"name":"Shaded","section":"Shading Mode"},"sceneLighting":false,"audioPlay":false,"sceneViewState":{"m_AlwaysRefresh":false,"showFog":true,"showSkybox":false,"showFlares":true,"showImageEffects":true,"showParticleSystems":true,"showVisualEffectGraphs":true,"m_FxEnabled":true},"in2DMode":false,"pivot":{"x":0.4185338020324707,"y":-0.5431283712387085,"z":1.2932378053665162},"rotation":{"x":0.1452893167734146,"y":-0.48040738701820376,"z":0.08101207762956619,"w":0.8612278699874878},"size":0.8660253882408142,"orthographic":false}