{"cameraMode":{"drawMode":0,"name":"Shaded","section":"Shading Mode"},"sceneLighting":false,"audioPlay":false,"sceneViewState":{"m_AlwaysRefresh":false,"showFog":true,"showSkybox":false,"showFlares":true,"showImageEffects":true,"showParticleSystems":true,"showVisualEffectGraphs":true,"m_FxEnabled":true},"in2DMode":false,"pivot":{"x":-0.5210838317871094,"y":0.35619956254959109,"z":0.6166173219680786},"rotation":{"x":0.12091779708862305,"y":0.597572922706604,"z":-0.09182996302843094,"w":0.7874181866645813},"size":0.8660253882408142,"orthographic":false}